2024-07-23 11:13:48.514341,-885,-92,16830,0,0,0,0,0,0,0,0,0,0,0,0,0,0,0,0,0,0,0,0,0,0,0,0,0,0,0,0,0,0,0,0,0,0,0,0,0,0,0,0,0,0,0,0,0,0,0,0,0,0,0,0,0,0,0,0,0
2024-07-23 11:13:50.028979,-885,-92,16830,0,0,0,0,0,0,0,0,0,0,0,0,0,0,0,0,0,0,0,0,0,0,0,0,0,0,0,0,0,0,0,0,0,0,0,0,0,0,0,0,0,0,0,0,0,0,0,0,0,0,0,0,0,0,0,0,0
2024-07-23 11:13:51.574093,-885,31339,16828,0,0,0,0,0,0,0,0,0,0,0,0,0,0,0,0,0,0,0,0,0,0,0,0,0,0,0,0,0,0,0,0,0,0,0,0,0,0,0,0,0,0,0,0,0,0,0,0,0,0,0,0,0,0,0,0,0
2024-07-23 11:13:53.103428,-885,-31708,16815,0,0,0,0,0,0,0,0,0,0,0,0,0,0,0,0,0,0,0,0,0,0,0,0,0,0,0,0,0,0,0,0,0,0,0,0,0,0,0,0,0,0,0,0,0,0,0,0,0,0,0,0,0,0,0,0,0
2024-07-23 11:13:54.633284,-885,-21108,16826,0,0,0,0,0,0,0,0,0,0,0,0,0,0,0,0,0,0,0,0,0,0,0,0,0,0,0,0,0,0,0,0,0,0,0,0,0,0,0,0,0,0,0,0,0,0,0,0,0,0,0,0,0,0,0,0,0
2024-07-23 11:13:56.164736,-885,18251,16830,0,0,0,0,0,0,0,0,0,0,0,0,0,0,0,0,0,0,0,0,0,0,0,0,0,0,0,0,0,0,0,0,0,0,0,0,0,0,0,0,0,0,0,0,0,0,0,0,0,0,0,0,0,0,0,0,0
2024-07-23 11:13:57.694601,-885,18251,16830,0,0,0,0,0,0,0,0,0,0,0,0,0,0,0,0,0,0,0,0,0,0,0,0,0,0,0,0,0,0,0,0,0,0,0,0,0,0,0,0,0,0,0,0,0,0,0,0,0,0,0,0,0,0,0,0,0
2024-07-23 11:13:59.223681,-878,-10600,16828,0,0,0,0,0,0,0,0,0,0,0,0,0,0,0,0,0,0,0,0,0,0,0,0,0,0,0,0,0,0,0,0,0,0,0,0,0,0,0,0,0,0,0,0,0,0,0,0,0,0,0,0,0,0,0,0,0
2024-07-23 11:14:00.742412,-878,23504,16831,0,0,0,0,0,0,0,0,0,0,0,0,0,0,0,0,0,0,0,0,0,0,0,0,0,0,0,0,0,0,0,0,0,0,0,0,0,0,0,0,0,0,0,0,0,0,0,0,0,0,0,0,0,0,0,0,0
2024-07-23 11:19:07.452025,-878,-391,-10600,16828,0,0,0,0,0,0,0,0,0,0,0,0,0,0,0,0,0,0,0,0,0,0,0,0,0,0,0,0,0,0,0,0,0,0,0,0,0,0,0,0,0,0,0,0,0,0,0,0,0,0,0,0,0,0,0,0
2024-07-23 11:19:08.981109,-878,-391,-5346,16829,0,0,0,0,0,0,0,0,0,0,0,0,0,0,0,0,0,0,0,0,0,0,0,0,0,0,0,0,0,0,0,0,0,0,0,0,0,0,0,0,0,0,0,0,0,0,0,0,0,0,0,0,0,0,0,0
2024-07-23 11:19:10.511404,-878,-391,-5346,16829,0,0,0,0,0,0,0,0,0,0,0,0,0,0,0,0,0,0,0,0,0,0,0,0,0,0,0,0,0,0,0,0,0,0,0,0,0,0,0,0,0,0,0,0,0,0,0,0,0,0,0,0,0,0,0,0
2024-07-23 11:19:12.040492,-878,-391,-23689,16830,0,0,0,0,0,0,0,0,0,0,0,0,0,0,0,0,0,0,0,0,0,0,0,0,0,0,0,0,0,0,0,0,0,0,0,0,0,0,0,0,0,0,0,0,0,0,0,0,0,0,0,0,0,0,0,0
2024-07-23 11:19:13.556981,-878,-391,23504,16831,0,0,0,0,0,0,0,0,0,0,0,0,0,0,0,0,0,0,0,0,0,0,0,0,0,0,0,0,0,0,0,0,0,0,0,0,0,0,0,0,0,0,0,0,0,0,0,0,0,0,0,0,0,0,0,0
2024-07-23 11:19:15.087382,-878,-391,31339,16828,0,0,0,0,0,0,0,0,0,0,0,0,0,0,0,0,0,0,0,0,0,0,0,0,0,0,0,0,0,0,0,0,0,0,0,0,0,0,0,0,0,0,0,0,0,0,0,0,0,0,0,0,0,0,0,0
2024-07-23 11:19:16.600686,-878,-391,18251,16830,0,0,0,0,0,0,0,0,0,0,0,0,0,0,0,0,0,0,0,0,0,0,0,0,0,0,0,0,0,0,0,0,0,0,0,0,0,0,0,0,0,0,0,0,0,0,0,0,0,0,0,0,0,0,0,0
2024-07-23 11:19:18.117440,-878,-391,31339,16828,0,0,0,0,0,0,0,0,0,0,0,0,0,0,0,0,0,0,0,0,0,0,0,0,0,0,0,0,0,0,0,0,0,0,0,0,0,0,0,0,0,0,0,0,0,0,0,0,0,0,0,0,0,0,0,0
2024-07-23 11:19:19.630896,-878,-391,-23689,16830,0,0,0,0,0,0,0,0,0,0,0,0,0,0,0,0,0,0,0,0,0,0,0,0,0,0,0,0,0,0,0,0,0,0,0,0,0,0,0,0,0,0,0,0,0,0,0,0,0,0,0,0,0,0,0,0
2024-07-23 11:19:21.160246,-878,-391,7743,16828,0,0,0,0,0,0,0,0,0,0,0,0,0,0,0,0,0,0,0,0,0,0,0,0,0,0,0,0,0,0,0,0,0,0,0,0,0,0,0,0,0,0,0,0,0,0,0,0,0,0,0,0,0,0,0,0
2024-07-23 11:19:22.675517,-878,-391,12997,16829,0,0,0,0,0,0,0,0,0,0,0,0,0,0,0,0,0,0,0,0,0,0,0,0,0,0,0,0,0,0,0,0,0,0,0,0,0,0,0,0,0,0,0,0,0,0,0,0,0,0,0,0,0,0,0,0
2024-07-23 11:19:24.190408,-878,-391,-23689,16830,0,0,0,0,0,0,0,0,0,0,0,0,0,0,0,0,0,0,0,0,0,0,0,0,0,0,0,0,0,0,0,0,0,0,0,0,0,0,0,0,0,0,0,0,0,0,0,0,0,0,0,0,0,0,0,0
2024-07-23 11:19:25.706114,-878,-391,28758,16832,0,0,0,0,0,0,0,0,0,0,0,0,0,0,0,0,0,0,0,0,0,0,0,0,0,0,0,0,0,0,0,0,0,0,0,0,0,0,0,0,0,0,0,0,0,0,0,0,0,0,0,0,0,0,0,0
2024-07-23 11:19:27.220418,-878,-391,26085,16827,0,0,0,0,0,0,0,0,0,0,0,0,0,0,0,0,0,0,0,0,0,0,0,0,0,0,0,0,0,0,0,0,0,0,0,0,0,0,0,0,0,0,0,0,0,0,0,0,0,0,0,0,0,0,0,0
2024-07-23 11:19:28.751988,-878,-391,12997,16829,0,0,0,0,0,0,0,0,0,0,0,0,0,0,0,0,0,0,0,0,0,0,0,0,0,0,0,0,0,0,0,0,0,0,0,0,0,0,0,0,0,0,0,0,0,0,0,0,0,0,0,0,0,0,0,0
2024-07-23 11:19:30.281436,-878,-391,26085,16827,0,0,0,0,0,0,0,0,0,0,0,0,0,0,0,0,0,0,0,0,0,0,0,0,0,0,0,0,0,0,0,0,0,0,0,0,0,0,0,0,0,0,0,0,0,0,0,0,0,0,0,0,0,0,0,0
2024-07-23 11:19:31.797866,-878,-391,-5346,16829,0,0,0,0,0,0,0,0,0,0,0,0,0,0,0,0,0,0,0,0,0,0,0,0,0,0,0,0,0,0,0,0,0,0,0,0,0,0,0,0,0,0,0,0,0,0,0,0,0,0,0,0,0,0,0,0
2024-07-23 11:19:33.326509,-878,-391,18251,16830,0,0,0,0,0,0,0,0,0,0,0,0,0,0,0,0,0,0,0,0,0,0,0,0,0,0,0,0,0,0,0,0,0,0,0,0,0,0,0,0,0,0,0,0,0,0,0,0,0,0,0,0,0,0,0,0
2024-07-23 11:19:34.856314,-878,-391,-5346,16829,0,0,0,0,0,0,0,0,0,0,0,0,0,0,0,0,0,0,0,0,0,0,0,0,0,0,0,0,0,0,0,0,0,0,0,0,0,0,0,0,0,0,0,0,0,0,0,0,0,0,0,0,0,0,0,0
2024-07-23 11:19:36.372005,-878,-391,7743,16828,0,0,0,0,0,0,0,0,0,0,0,0,0,0,0,0,0,0,0,0,0,0,0,0,0,0,0,0,0,0,0,0,0,0,0,0,0,0,0,0,0,0,0,0,0,0,0,0,0,0,0,0,0,0,0,0
2024-07-23 11:19:37.886718,-881,-393,12997,16829,0,0,0,0,0,0,0,0,0,0,0,0,0,0,0,0,0,0,0,0,0,0,0,0,0,0,0,0,0,0,0,0,0,0,0,0,0,0,0,0,0,0,0,0,0,0,0,0,0,0,0,0,0,0,0,0
2024-07-23 11:19:39.417609,-881,-393,-23689,16830,0,0,0,0,0,0,0,0,0,0,0,0,0,0,0,0,0,0,0,0,0,0,0,0,0,0,0,0,0,0,0,0,0,0,0,0,0,0,0,0,0,0,0,0,0,0,0,0,0,0,0,0,0,0,0,0
2024-07-23 11:19:40.946320,-881,-393,-23689,16830,0,0,0,0,0,0,0,0,0,0,0,0,0,0,0,0,0,0,0,0,0,0,0,0,0,0,0,0,0,0,0,0,0,0,0,0,0,0,0,0,0,0,0,0,0,0,0,0,0,0,0,0,0,0,0,0
2024-07-23 11:19:42.461678,-881,-393,-13181,16832,0,0,0,0,0,0,0,0,0,0,0,0,0,0,0,0,0,0,0,0,0,0,0,0,0,0,0,0,0,0,0,0,0,0,0,0,0,0,0,0,0,0,0,0,0,0,0,0,0,0,0,0,0,0,0,0
2024-07-23 11:19:44.006664,-881,-393,-31524,16833,0,0,0,0,0,0,0,0,0,0,0,0,0,0,0,0,0,0,0,0,0,0,0,0,0,0,0,0,0,0,0,0,0,0,0,0,0,0,0,0,0,0,0,0,0,0,0,0,0,0,0,0,0,0,0,0
2024-07-23 11:19:45.537167,-881,-393,5162,16832,0,0,0,0,0,0,0,0,0,0,0,0,0,0,0,0,0,0,0,0,0,0,0,0,0,0,0,0,0,0,0,0,0,0,0,0,0,0,0,0,0,0,0,0,0,0,0,0,0,0,0,0,0,0,0,0
2024-07-23 11:19:47.093650,-881,-393,-28943,16829,0,0,0,0,0,0,0,0,0,0,0,0,0,0,0,0,0,0,0,0,0,0,0,0,0,0,0,0,0,0,0,0,0,0,0,0,0,0,0,0,0,0,0,0,0,0,0,0,0,0,0,0,0,0,0,0
2024-07-23 11:19:48.612172,-881,-393,23504,16831,0,0,0,0,0,0,0,0,0,0,0,0,0,0,0,0,0,0,0,0,0,0,0,0,0,0,0,0,0,0,0,0,0,0,0,0,0,0,0,0,0,0,0,0,0,0,0,0,0,0,0,0,0,0,0,0
2024-07-23 11:19:50.126696,-881,-393,7743,16828,0,0,0,0,0,0,0,0,0,0,0,0,0,0,0,0,0,0,0,0,0,0,0,0,0,0,0,0,0,0,0,0,0,0,0,0,0,0,0,0,0,0,0,0,0,0,0,0,0,0,0,0,0,0,0,0
2024-07-23 11:19:51.672017,-881,-393,18251,16830,0,0,0,0,0,0,0,0,0,0,0,0,0,0,0,0,0,0,0,0,0,0,0,0,0,0,0,0,0,0,0,0,0,0,0,0,0,0,0,0,0,0,0,0,0,0,0,0,0,0,0,0,0,0,0,0
2024-07-23 11:19:53.201992,-881,-393,31339,16828,0,0,0,0,0,0,0,0,0,0,0,0,0,0,0,0,0,0,0,0,0,0,0,0,0,0,0,0,0,0,0,0,0,0,0,0,0,0,0,0,0,0,0,0,0,0,0,0,0,0,0,0,0,0,0,0
2024-07-23 11:19:54.717693,-881,-393,18251,16830,0,0,0,0,0,0,0,0,0,0,0,0,0,0,0,0,0,0,0,0,0,0,0,0,0,0,0,0,0,0,0,0,0,0,0,0,0,0,0,0,0,0,0,0,0,0,0,0,0,0,0,0,0,0,0,0
2024-07-23 11:19:56.246983,-881,-393,31339,16828,0,0,0,0,0,0,0,0,0,0,0,0,0,0,0,0,0,0,0,0,0,0,0,0,0,0,0,0,0,0,0,0,0,0,0,0,0,0,0,0,0,0,0,0,0,0,0,0,0,0,0,0,0,0,0,0
2024-07-23 11:19:57.777907,-881,-393,-21108,16826,0,0,0,0,0,0,0,0,0,0,0,0,0,0,0,0,0,0,0,0,0,0,0,0,0,0,0,0,0,0,0,0,0,0,0,0,0,0,0,0,0,0,0,0,0,0,0,0,0,0,0,0,0,0,0,0
2024-07-23 11:19:59.306890,-881,-393,-28943,16829,0,0,0,0,0,0,0,0,0,0,0,0,0,0,0,0,0,0,0,0,0,0,0,0,0,0,0,0,0,0,0,0,0,0,0,0,0,0,0,0,0,0,0,0,0,0,0,0,0,0,0,0,0,0,0,0
2024-07-23 11:20:00.821884,-881,-393,-5346,16829,0,0,0,0,0,0,0,0,0,0,0,0,0,0,0,0,0,0,0,0,0,0,0,0,0,0,0,0,0,0,0,0,0,0,0,0,0,0,0,0,0,0,0,0,0,0,0,0,0,0,0,0,0,0,0,0
2024-07-23 11:20:02.353566,-881,-393,18251,16830,0,0,0,0,0,0,0,0,0,0,0,0,0,0,0,0,0,0,0,0,0,0,0,0,0,0,0,0,0,0,0,0,0,0,0,0,0,0,0,0,0,0,0,0,0,0,0,0,0,0,0,0,0,0,0,0
2024-07-23 11:20:03.882956,-881,-393,12997,16829,0,0,0,0,0,0,0,0,0,0,0,0,0,0,0,0,0,0,0,0,0,0,0,0,0,0,0,0,0,0,0,0,0,0,0,0,0,0,0,0,0,0,0,0,0,0,0,0,0,0,0,0,0,0,0,0
2024-07-23 11:20:05.412645,-881,-393,12997,16829,0,0,0,0,0,0,0,0,0,0,0,0,0,0,0,0,0,0,0,0,0,0,0,0,0,0,0,0,0,0,0,0,0,0,0,0,0,0,0,0,0,0,0,0,0,0,0,0,0,0,0,0,0,0,0,0
2024-07-23 11:20:06.942843,-881,-393,7743,16828,0,0,0,0,0,0,0,0,0,0,0,0,0,0,0,0,0,0,0,0,0,0,0,0,0,0,0,0,0,0,0,0,0,0,0,0,0,0,0,0,0,0,0,0,0,0,0,0,0,0,0,0,0,0,0,0
2024-07-23 11:20:08.502645,-879,-391,12997,16829,0,0,0,0,0,0,0,0,0,0,0,0,0,0,0,0,0,0,0,0,0,0,0,0,0,0,0,0,0,0,0,0,0,0,0,0,0,0,0,0,0,0,0,0,0,0,0,0,0,0,0,0,0,0,0,0
2024-07-23 11:20:10.003739,-879,-391,18251,16830,0,0,0,0,0,0,0,0,0,0,0,0,0,0,0,0,0,0,0,0,0,0,0,0,0,0,0,0,0,0,0,0,0,0,0,0,0,0,0,0,0,0,0,0,0,0,0,0,0,0,0,0,0,0,0,0
2024-07-23 11:20:11.548224,-879,-391,-23689,16830,0,0,0,0,0,0,0,0,0,0,0,0,0,0,0,0,0,0,0,0,0,0,0,0,0,0,0,0,0,0,0,0,0,0,0,0,0,0,0,0,0,0,0,0,0,0,0,0,0,0,0,0,0,0,0,0
2024-07-23 11:20:13.108067,-879,-391,-28943,16829,0,0,0,0,0,0,0,0,0,0,0,0,0,0,0,0,0,0,0,0,0,0,0,0,0,0,0,0,0,0,0,0,0,0,0,0,0,0,0,0,0,0,0,0,0,0,0,0,0,0,0,0,0,0,0,0
2024-07-23 11:20:14.638450,-879,-391,-21016,16835,0,0,0,0,0,0,0,0,0,0,0,0,0,0,0,0,0,0,0,0,0,0,0,0,0,0,0,0,0,0,0,0,0,0,0,0,0,0,0,0,0,0,0,0,0,0,0,0,0,0,0,0,0,0,0,0
2024-07-23 11:20:16.169221,-879,-391,18251,16830,0,0,0,0,0,0,0,0,0,0,0,0,0,0,0,0,0,0,0,0,0,0,0,0,0,0,0,0,0,0,0,0,0,0,0,0,0,0,0,0,0,0,0,0,0,0,0,0,0,0,0,0,0,0,0,0
2024-07-23 11:20:17.699347,-879,-391,-15854,16827,0,0,0,0,0,0,0,0,0,0,0,0,0,0,0,0,0,0,0,0,0,0,0,0,0,0,0,0,0,0,0,0,0,0,0,0,0,0,0,0,0,0,0,0,0,0,0,0,0,0,0,0,0,0,0,0
2024-07-23 11:20:19.230114,-879,-391,-28943,16829,0,0,0,0,0,0,0,0,0,0,0,0,0,0,0,0,0,0,0,0,0,0,0,0,0,0,0,0,0,0,0,0,0,0,0,0,0,0,0,0,0,0,0,0,0,0,0,0,0,0,0,0,0,0,0,0
2024-07-23 11:20:20.758448,-879,-391,-29035,16820,0,0,0,0,0,0,0,0,0,0,0,0,0,0,0,0,0,0,0,0,0,0,0,0,0,0,0,0,0,0,0,0,0,0,0,0,0,0,0,0,0,0,0,0,0,0,0,0,0,0,0,0,0,0,0,0
2024-07-23 11:20:22.288489,-879,-391,-276,16812,0,0,0,0,0,0,0,0,0,0,0,0,0,0,0,0,0,0,0,0,0,0,0,0,0,0,0,0,0,0,0,0,0,0,0,0,0,0,0,0,0,0,0,0,0,0,0,0,0,0,0,0,0,0,0,0
2024-07-23 11:20:23.834244,-879,-391,-10600,16828,0,0,0,0,0,0,0,0,0,0,0,0,0,0,0,0,0,0,0,0,0,0,0,0,0,0,0,0,0,0,0,0,0,0,0,0,0,0,0,0,0,0,0,0,0,0,0,0,0,0,0,0,0,0,0,0
2024-07-23 11:20:25.363240,-879,-391,-28943,16829,0,0,0,0,0,0,0,0,0,0,0,0,0,0,0,0,0,0,0,0,0,0,0,0,0,0,0,0,0,0,0,0,0,0,0,0,0,0,0,0,0,0,0,0,0,0,0,0,0,0,0,0,0,0,0,0
2024-07-23 11:20:26.894013,-879,-391,-5346,16829,0,0,0,0,0,0,0,0,0,0,0,0,0,0,0,0,0,0,0,0,0,0,0,0,0,0,0,0,0,0,0,0,0,0,0,0,0,0,0,0,0,0,0,0,0,0,0,0,0,0,0,0,0,0,0,0
2024-07-23 11:20:28.424523,-879,-391,18251,16830,0,0,0,0,0,0,0,0,0,0,0,0,0,0,0,0,0,0,0,0,0,0,0,0,0,0,0,0,0,0,0,0,0,0,0,0,0,0,0,0,0,0,0,0,0,0,0,0,0,0,0,0,0,0,0,0
2024-07-23 11:20:29.953599,-879,-391,-5346,16829,0,0,0,0,0,0,0,0,0,0,0,0,0,0,0,0,0,0,0,0,0,0,0,0,0,0,0,0,0,0,0,0,0,0,0,0,0,0,0,0,0,0,0,0,0,0,0,0,0,0,0,0,0,0,0,0
2024-07-23 11:20:31.483646,-879,-391,-26454,16816,0,0,0,0,0,0,0,0,0,0,0,0,0,0,0,0,0,0,0,0,0,0,0,0,0,0,0,0,0,0,0,0,0,0,0,0,0,0,0,0,0,0,0,0,0,0,0,0,0,0,0,0,0,0,0,0
2024-07-23 11:20:33.013935,-879,-391,-26178,16843,0,0,0,0,0,0,0,0,0,0,0,0,0,0,0,0,0,0,0,0,0,0,0,0,0,0,0,0,0,0,0,0,0,0,0,0,0,0,0,0,0,0,0,0,0,0,0,0,0,0,0,0,0,0,0,0
2024-07-23 11:20:34.543897,-879,-391,-21108,16826,0,0,0,0,0,0,0,0,0,0,0,0,0,0,0,0,0,0,0,0,0,0,0,0,0,0,0,0,0,0,0,0,0,0,0,0,0,0,0,0,0,0,0,0,0,0,0,0,0,0,0,0,0,0,0,0
2024-07-23 11:20:36.059091,-879,-391,-10600,16828,0,0,0,0,0,0,0,0,0,0,0,0,0,0,0,0,0,0,0,0,0,0,0,0,0,0,0,0,0,0,0,0,0,0,0,0,0,0,0,0,0,0,0,0,0,0,0,0,0,0,0,0,0,0,0,0
2024-07-23 11:20:37.604186,-879,-391,-10600,16828,0,0,0,0,0,0,0,0,0,0,0,0,0,0,0,0,0,0,0,0,0,0,0,0,0,0,0,0,0,0,0,0,0,0,0,0,0,0,0,0,0,0,0,0,0,0,0,0,0,0,0,0,0,0,0,0
2024-07-23 11:20:39.120625,-879,-391,-10600,16828,0,0,0,0,0,0,0,0,0,0,0,0,0,0,0,0,0,0,0,0,0,0,0,0,0,0,0,0,0,0,0,0,0,0,0,0,0,0,0,0,0,0,0,0,0,0,0,0,0,0,0,0,0,0,0,0
2024-07-23 11:20:40.663992,-879,-391,-92,16830,0,0,0,0,0,0,0,0,0,0,0,0,0,0,0,0,0,0,0,0,0,0,0,0,0,0,0,0,0,0,0,0,0,0,0,0,0,0,0,0,0,0,0,0,0,0,0,0,0,0,0,0,0,0,0,0
2024-07-23 11:20:42.179642,-879,-391,-18435,16831,0,0,0,0,0,0,0,0,0,0,0,0,0,0,0,0,0,0,0,0,0,0,0,0,0,0,0,0,0,0,0,0,0,0,0,0,0,0,0,0,0,0,0,0,0,0,0,0,0,0,0,0,0,0,0,0
2024-07-23 11:20:43.694178,-879,-391,-28943,16829,0,0,0,0,0,0,0,0,0,0,0,0,0,0,0,0,0,0,0,0,0,0,0,0,0,0,0,0,0,0,0,0,0,0,0,0,0,0,0,0,0,0,0,0,0,0,0,0,0,0,0,0,0,0,0,0
2024-07-23 11:20:45.223783,-879,-391,23504,16831,0,0,0,0,0,0,0,0,0,0,0,0,0,0,0,0,0,0,0,0,0,0,0,0,0,0,0,0,0,0,0,0,0,0,0,0,0,0,0,0,0,0,0,0,0,0,0,0,0,0,0,0,0,0,0,0
2024-07-23 11:20:46.739250,-879,-391,12997,16829,0,0,0,0,0,0,0,0,0,0,0,0,0,0,0,0,0,0,0,0,0,0,0,0,0,0,0,0,0,0,0,0,0,0,0,0,0,0,0,0,0,0,0,0,0,0,0,0,0,0,0,0,0,0,0,0
2024-07-23 11:20:48.296824,-879,-391,12997,16829,0,0,0,0,0,0,0,0,0,0,0,0,0,0,0,0,0,0,0,0,0,0,0,0,0,0,0,0,0,0,0,0,0,0,0,0,0,0,0,0,0,0,0,0,0,0,0,0,0,0,0,0,0,0,0,0
2024-07-23 11:20:49.784625,-879,-391,-28943,16829,0,0,0,0,0,0,0,0,0,0,0,0,0,0,0,0,0,0,0,0,0,0,0,0,0,0,0,0,0,0,0,0,0,0,0,0,0,0,0,0,0,0,0,0,0,0,0,0,0,0,0,0,0,0,0,0
2024-07-23 11:20:51.314933,-879,-391,7743,16828,0,0,0,0,0,0,0,0,0,0,0,0,0,0,0,0,0,0,0,0,0,0,0,0,0,0,0,0,0,0,0,0,0,0,0,0,0,0,0,0,0,0,0,0,0,0,0,0,0,0,0,0,0,0,0,0
2024-07-23 11:20:52.829859,-879,-391,-23689,16830,0,0,0,0,0,0,0,0,0,0,0,0,0,0,0,0,0,0,0,0,0,0,0,0,0,0,0,0,0,0,0,0,0,0,0,0,0,0,0,0,0,0,0,0,0,0,0,0,0,0,0,0,0,0,0,0
2024-07-23 11:20:54.375644,-879,-391,12997,16829,0,0,0,0,0,0,0,0,0,0,0,0,0,0,0,0,0,0,0,0,0,0,0,0,0,0,0,0,0,0,0,0,0,0,0,0,0,0,0,0,0,0,0,0,0,0,0,0,0,0,0,0,0,0,0,0
2024-07-23 11:20:55.891073,-879,-391,-2765,16825,0,0,0,0,0,0,0,0,0,0,0,0,0,0,0,0,0,0,0,0,0,0,0,0,0,0,0,0,0,0,0,0,0,0,0,0,0,0,0,0,0,0,0,0,0,0,0,0,0,0,0,0,0,0,0,0
2024-07-23 11:26:02.535330,-877,-393,14,-877,-397,16,-880,-391,16,-877,-393,16,-877,-402,10,-878,-398,16,-881,-391,9,-880,-387,14,-879,-391,11,-885,-386,14,-881,-389,13,-877,-391,15,-877,-397,13,-881,-397,11,-880,-394,16,-877,-398,13,-875,-401,12,-877,-399,12,-875,-401,14,-878,-398,11
2024-07-23 11:26:04.064883,-877,-393,14,-877,-397,16,-880,-391,16,-877,-393,16,-877,-402,10,-878,-398,16,-873,-397,12,-880,-387,14,-879,-391,11,-885,-386,14,-881,-389,13,-877,-391,15,-877,-397,13,-881,-397,11,-880,-394,16,-877,-398,13,-875,-401,12,-877,-399,12,-875,-401,14,-878,-398,11
2024-07-23 11:26:05.579789,-877,-393,14,-877,-397,16,-880,-391,16,-877,-393,16,-877,-402,10,-878,-398,16,-873,-397,12,-871,-398,8,-879,-391,11,-885,-386,14,-881,-389,13,-877,-391,15,-877,-397,13,-881,-397,11,-880,-394,16,-877,-398,13,-875,-401,12,-877,-399,12,-875,-401,14,-878,-398,11
2024-07-23 11:26:07.093402,-877,-393,14,-877,-397,16,-880,-391,16,-877,-393,16,-877,-402,10,-878,-398,16,-873,-397,12,-871,-398,8,-877,-396,11,-885,-386,14,-881,-389,13,-877,-391,15,-877,-397,13,-881,-397,11,-880,-394,16,-877,-398,13,-875,-401,12,-877,-399,12,-875,-401,14,-878,-398,11
2024-07-23 11:26:08.608930,-877,-393,14,-877,-397,16,-880,-391,16,-877,-393,16,-877,-402,10,-878,-398,16,-873,-397,12,-871,-398,8,-877,-396,11,-870,-403,13,-881,-389,13,-877,-391,15,-877,-397,13,-881,-397,11,-880,-394,16,-877,-398,13,-875,-401,12,-877,-399,12,-875,-401,14,-878,-398,11
2024-07-23 11:26:10.139949,-877,-393,14,-877,-397,16,-880,-391,16,-877,-393,16,-877,-402,10,-878,-398,16,-873,-397,12,-871,-398,8,-877,-396,11,-870,-403,13,-879,-399,9,-877,-391,15,-877,-397,13,-881,-397,11,-880,-394,16,-877,-398,13,-875,-401,12,-877,-399,12,-875,-401,14,-878,-398,11
2024-07-23 11:26:11.654566,-877,-393,14,-877,-397,16,-880,-391,16,-877,-393,16,-877,-402,10,-878,-398,16,-873,-397,12,-871,-398,8,-877,-396,11,-870,-403,13,-879,-399,9,-876,-394,14,-877,-397,13,-881,-397,11,-880,-394,16,-877,-398,13,-875,-401,12,-877,-399,12,-875,-401,14,-878,-398,11
2024-07-23 11:26:13.184086,-877,-393,14,-877,-397,16,-880,-391,16,-877,-393,16,-877,-402,10,-878,-398,16,-873,-397,12,-871,-398,8,-877,-396,11,-870,-403,13,-879,-399,9,-876,-394,14,-876,-401,13,-881,-397,11,-880,-394,16,-877,-398,13,-875,-401,12,-877,-399,12,-875,-401,14,-878,-398,11
2024-07-23 11:26:14.700002,-877,-393,14,-877,-397,16,-880,-391,16,-877,-393,16,-877,-402,10,-878,-398,16,-873,-397,12,-871,-398,8,-877,-396,11,-870,-403,13,-879,-399,9,-876,-394,14,-876,-401,13,-881,-384,16,-880,-394,16,-877,-398,13,-875,-401,12,-877,-399,12,-875,-401,14,-878,-398,11
2024-07-23 11:26:16.229322,-877,-393,14,-877,-397,16,-880,-391,16,-877,-393,16,-877,-402,10,-878,-398,16,-873,-397,12,-871,-398,8,-877,-396,11,-870,-403,13,-879,-399,9,-876,-394,14,-876,-401,13,-881,-384,16,-873,-393,13,-877,-398,13,-875,-401,12,-877,-399,12,-875,-401,14,-878,-398,11
2024-07-23 11:26:17.774938,-877,-393,14,-877,-397,16,-880,-391,16,-877,-393,16,-877,-402,10,-878,-398,16,-873,-397,12,-871,-398,8,-877,-396,11,-870,-403,13,-879,-399,9,-876,-394,14,-876,-401,13,-881,-384,16,-873,-393,13,-874,-394,15,-875,-401,12,-877,-399,12,-875,-401,14,-878,-398,11
2024-07-23 11:26:19.291120,-877,-393,14,-877,-397,16,-880,-391,16,-877,-393,16,-877,-402,10,-878,-398,16,-873,-397,12,-871,-398,8,-877,-396,11,-870,-403,13,-879,-399,9,-876,-394,14,-876,-401,13,-881,-384,16,-873,-393,13,-874,-394,15,-877,-401,9,-877,-399,12,-875,-401,14,-878,-398,11
2024-07-23 11:26:20.834079,-877,-393,14,-877,-397,16,-880,-391,16,-877,-393,16,-877,-402,10,-878,-398,16,-873,-397,12,-871,-398,8,-877,-396,11,-870,-403,13,-879,-399,9,-876,-394,14,-876,-401,13,-881,-384,16,-873,-393,13,-874,-394,15,-877,-401,9,-875,-402,8,-875,-401,14,-878,-398,11
2024-07-23 11:26:22.364831,-877,-393,14,-877,-397,16,-880,-391,16,-877,-393,16,-877,-402,10,-878,-398,16,-873,-397,12,-871,-398,8,-877,-396,11,-870,-403,13,-879,-399,9,-876,-394,14,-876,-401,13,-881,-384,16,-873,-393,13,-874,-394,15,-877,-401,9,-875,-402,8,-878,-397,16,-878,-398,11
2024-07-23 11:26:23.895661,-877,-393,14,-877,-397,16,-880,-391,16,-877,-393,16,-877,-402,10,-878,-398,16,-873,-397,12,-871,-398,8,-877,-396,11,-870,-403,13,-879,-399,9,-876,-394,14,-876,-401,13,-881,-384,16,-873,-393,13,-874,-394,15,-877,-401,9,-875,-402,8,-878,-397,16,-877,-401,16
2024-07-23 11:26:25.424959,-877,-395,14,-877,-397,16,-880,-391,16,-877,-393,16,-877,-402,10,-878,-398,16,-873,-397,12,-871,-398,8,-877,-396,11,-870,-403,13,-879,-399,9,-876,-394,14,-876,-401,13,-881,-384,16,-873,-393,13,-874,-394,15,-877,-401,9,-875,-402,8,-878,-397,16,-877,-401,16
2024-07-23 11:26:26.955700,-877,-395,14,-877,-400,17,-880,-391,16,-877,-393,16,-877,-402,10,-878,-398,16,-873,-397,12,-871,-398,8,-877,-396,11,-870,-403,13,-879,-399,9,-876,-394,14,-876,-401,13,-881,-384,16,-873,-393,13,-874,-394,15,-877,-401,9,-875,-402,8,-878,-397,16,-877,-401,16
2024-07-23 11:26:28.487747,-877,-395,14,-877,-400,17,-879,-396,15,-877,-393,16,-877,-402,10,-878,-398,16,-873,-397,12,-871,-398,8,-877,-396,11,-870,-403,13,-879,-399,9,-876,-394,14,-876,-401,13,-881,-384,16,-873,-393,13,-874,-394,15,-877,-401,9,-875,-402,8,-878,-397,16,-877,-401,16
2024-07-23 11:26:30.014982,-877,-395,14,-877,-400,17,-879,-396,15,-875,-397,14,-877,-402,10,-878,-398,16,-873,-397,12,-871,-398,8,-877,-396,11,-870,-403,13,-879,-399,9,-876,-394,14,-876,-401,13,-881,-384,16,-873,-393,13,-874,-394,15,-877,-401,9,-875,-402,8,-878,-397,16,-877,-401,16
2024-07-23 11:26:31.545086,-877,-395,14,-877,-400,17,-879,-396,15,-875,-397,14,-878,-394,14,-878,-398,16,-873,-397,12,-871,-398,8,-877,-396,11,-870,-403,13,-879,-399,9,-876,-394,14,-876,-401,13,-881,-384,16,-873,-393,13,-874,-394,15,-877,-401,9,-875,-402,8,-878,-397,16,-877,-401,16
2024-07-23 11:26:33.075052,-877,-395,14,-877,-400,17,-879,-396,15,-875,-397,14,-878,-394,14,-878,-396,13,-873,-397,12,-871,-398,8,-877,-396,11,-870,-403,13,-879,-399,9,-876,-394,14,-876,-401,13,-881,-384,16,-873,-393,13,-874,-394,15,-877,-401,9,-875,-402,8,-878,-397,16,-877,-401,16
2024-07-23 11:26:34.633831,-877,-395,14,-877,-400,17,-879,-396,15,-875,-397,14,-878,-394,14,-878,-396,13,-873,-403,13,-871,-398,8,-877,-396,11,-870,-403,13,-879,-399,9,-876,-394,14,-876,-401,13,-881,-384,16,-873,-393,13,-874,-394,15,-877,-401,9,-875,-402,8,-878,-397,16,-877,-401,16
2024-07-23 11:26:36.135236,-877,-395,14,-877,-400,17,-879,-396,15,-875,-397,14,-878,-394,14,-878,-396,13,-873,-403,13,-877,-399,14,-877,-396,11,-870,-403,13,-879,-399,9,-876,-394,14,-876,-401,13,-881,-384,16,-873,-393,13,-874,-394,15,-877,-401,9,-875,-402,8,-878,-397,16,-877,-401,16
2024-07-23 11:26:37.666032,-877,-395,14,-877,-400,17,-879,-396,15,-875,-397,14,-878,-394,14,-878,-396,13,-873,-403,13,-877,-399,14,-876,-395,13,-870,-403,13,-879,-399,9,-876,-394,14,-876,-401,13,-881,-384,16,-873,-393,13,-874,-394,15,-877,-401,9,-875,-402,8,-878,-397,16,-877,-401,16
2024-07-23 11:26:39.209920,-877,-395,14,-877,-400,17,-879,-396,15,-875,-397,14,-878,-394,14,-878,-396,13,-873,-403,13,-877,-399,14,-876,-395,13,-874,-395,13,-879,-399,9,-876,-394,14,-876,-401,13,-881,-384,16,-873,-393,13,-874,-394,15,-877,-401,9,-875,-402,8,-878,-397,16,-877,-401,16
2024-07-23 11:26:40.740443,-877,-395,14,-877,-400,17,-879,-396,15,-875,-397,14,-878,-394,14,-878,-396,13,-873,-403,13,-877,-399,14,-876,-395,13,-874,-395,13,-876,-397,11,-876,-394,14,-876,-401,13,-881,-384,16,-873,-393,13,-874,-394,15,-877,-401,9,-875,-402,8,-878,-397,16,-877,-401,16
2024-07-23 11:26:42.272320,-877,-395,14,-877,-400,17,-879,-396,15,-875,-397,14,-878,-394,14,-878,-396,13,-873,-403,13,-877,-399,14,-876,-395,13,-874,-395,13,-876,-397,11,-877,-397,15,-876,-401,13,-881,-384,16,-873,-393,13,-874,-394,15,-877,-401,9,-875,-402,8,-878,-397,16,-877,-401,16
2024-07-23 11:26:43.800746,-877,-395,14,-877,-400,17,-879,-396,15,-875,-397,14,-878,-394,14,-878,-396,13,-873,-403,13,-877,-399,14,-876,-395,13,-874,-395,13,-876,-397,11,-877,-397,15,-878,-398,19,-881,-384,16,-873,-393,13,-874,-394,15,-877,-401,9,-875,-402,8,-878,-397,16,-877,-401,16
2024-07-23 11:26:45.347125,-877,-395,14,-877,-400,17,-879,-396,15,-875,-397,14,-878,-394,14,-878,-396,13,-873,-403,13,-877,-399,14,-876,-395,13,-874,-395,13,-876,-397,11,-877,-397,15,-878,-398,19,-871,-404,13,-873,-393,13,-874,-394,15,-877,-401,9,-875,-402,8,-878,-397,16,-877,-401,16
2024-07-23 11:26:46.875903,-877,-395,14,-877,-400,17,-879,-396,15,-875,-397,14,-878,-394,14,-878,-396,13,-873,-403,13,-877,-399,14,-876,-395,13,-874,-395,13,-876,-397,11,-877,-397,15,-878,-398,19,-871,-404,13,-876,-401,12,-874,-394,15,-877,-401,9,-875,-402,8,-878,-397,16,-877,-401,16
2024-07-23 11:26:48.405875,-877,-395,14,-877,-400,17,-879,-396,15,-875,-397,14,-878,-394,14,-878,-396,13,-873,-403,13,-877,-399,14,-876,-395,13,-874,-395,13,-876,-397,11,-877,-397,15,-878,-398,19,-871,-404,13,-876,-401,12,-877,-398,16,-877,-401,9,-875,-402,8,-878,-397,16,-877,-401,16
2024-07-23 11:26:49.935627,-877,-395,14,-877,-400,17,-879,-396,15,-875,-397,14,-878,-394,14,-878,-396,13,-873,-403,13,-877,-399,14,-876,-395,13,-874,-395,13,-876,-397,11,-877,-397,15,-878,-398,19,-871,-404,13,-876,-401,12,-877,-398,16,-875,-397,8,-875,-402,8,-878,-397,16,-877,-401,16
2024-07-23 11:26:51.481142,-877,-395,14,-877,-400,17,-879,-396,15,-875,-397,14,-878,-394,14,-878,-396,13,-873,-403,13,-877,-399,14,-876,-395,13,-874,-395,13,-876,-397,11,-877,-397,15,-878,-398,19,-871,-404,13,-876,-401,12,-877,-398,16,-875,-397,8,-874,-403,11,-878,-397,16,-877,-401,16
2024-07-23 11:26:53.011553,-877,-395,14,-877,-400,17,-879,-396,15,-875,-397,14,-878,-394,14,-878,-396,13,-873,-403,13,-877,-399,14,-876,-395,13,-874,-395,13,-876,-397,11,-877,-397,15,-878,-398,19,-871,-404,13,-876,-401,12,-877,-398,16,-875,-397,8,-874,-403,11,-879,-401,13,-877,-401,16
2024-07-23 11:26:54.557592,-877,-395,14,-877,-400,17,-879,-396,15,-875,-397,14,-878,-394,14,-878,-396,13,-873,-403,13,-877,-399,14,-876,-395,13,-874,-395,13,-876,-397,11,-877,-397,15,-878,-398,19,-871,-404,13,-876,-401,12,-877,-398,16,-875,-397,8,-874,-403,11,-879,-401,13,-878,-393,16
2024-07-23 11:26:56.072315,-877,-402,15,-877,-400,17,-879,-396,15,-875,-397,14,-878,-394,14,-878,-396,13,-873,-403,13,-877,-399,14,-876,-395,13,-874,-395,13,-876,-397,11,-877,-397,15,-878,-398,19,-871,-404,13,-876,-401,12,-877,-398,16,-875,-397,8,-874,-403,11,-879,-401,13,-878,-393,16
2024-07-23 11:26:57.602097,-877,-402,15,-878,-398,13,-879,-396,15,-875,-397,14,-878,-394,14,-878,-396,13,-873,-403,13,-877,-399,14,-876,-395,13,-874,-395,13,-876,-397,11,-877,-397,15,-878,-398,19,-871,-404,13,-876,-401,12,-877,-398,16,-875,-397,8,-874,-403,11,-879,-401,13,-878,-393,16
2024-07-23 11:26:59.132597,-877,-402,15,-878,-398,13,-877,-399,9,-875,-397,14,-878,-394,14,-878,-396,13,-873,-403,13,-877,-399,14,-876,-395,13,-874,-395,13,-876,-397,11,-877,-397,15,-878,-398,19,-871,-404,13,-876,-401,12,-877,-398,16,-875,-397,8,-874,-403,11,-879,-401,13,-878,-393,16
2024-07-23 11:27:00.661980,-877,-402,15,-878,-398,13,-877,-399,9,-875,-397,12,-878,-394,14,-878,-396,13,-873,-403,13,-877,-399,14,-876,-395,13,-874,-395,13,-876,-397,11,-877,-397,15,-878,-398,19,-871,-404,13,-876,-401,12,-877,-398,16,-875,-397,8,-874,-403,11,-879,-401,13,-878,-393,16
2024-07-23 11:27:02.207541,-877,-402,15,-878,-398,13,-877,-399,9,-875,-397,12,-874,-397,11,-878,-396,13,-873,-403,13,-877,-399,14,-876,-395,13,-874,-395,13,-876,-397,11,-877,-397,15,-878,-398,19,-871,-404,13,-876,-401,12,-877,-398,16,-875,-397,8,-874,-403,11,-879,-401,13,-878,-393,16
2024-07-23 11:27:03.737607,-877,-402,15,-878,-398,13,-877,-399,9,-875,-397,12,-874,-397,11,-875,-393,16,-873,-403,13,-877,-399,14,-876,-395,13,-874,-395,13,-876,-397,11,-877,-397,15,-878,-398,19,-871,-404,13,-876,-401,12,-877,-398,16,-875,-397,8,-874,-403,11,-879,-401,13,-878,-393,16
2024-07-23 11:27:05.266739,-877,-402,15,-878,-398,13,-877,-399,9,-875,-397,12,-874,-397,11,-875,-393,16,-875,-401,12,-877,-399,14,-876,-395,13,-874,-395,13,-876,-397,11,-877,-397,15,-878,-398,19,-871,-404,13,-876,-401,12,-877,-398,16,-875,-397,8,-874,-403,11,-879,-401,13,-878,-393,16
2024-07-23 11:27:06.824517,-877,-402,15,-878,-398,13,-877,-399,9,-875,-397,12,-874,-397,11,-875,-393,16,-875,-401,12,-953,-396,47,-876,-395,13,-874,-395,13,-876,-397,11,-877,-397,15,-878,-398,19,-871,-404,13,-876,-401,12,-877,-398,16,-875,-397,8,-874,-403,11,-879,-401,13,-878,-393,16
2024-07-23 11:27:08.356950,-877,-402,15,-878,-398,13,-877,-399,9,-875,-397,12,-874,-397,11,-875,-393,16,-875,-401,12,-953,-396,47,30,200,954,-874,-395,13,-876,-397,11,-877,-397,15,-878,-398,19,-871,-404,13,-876,-401,12,-877,-398,16,-875,-397,8,-874,-403,11,-879,-401,13,-878,-393,16
2024-07-23 11:27:09.888164,-877,-402,15,-878,-398,13,-877,-399,9,-875,-397,12,-874,-397,11,-875,-393,16,-875,-401,12,-953,-396,47,30,200,954,-127,-557,868,-876,-397,11,-877,-397,15,-878,-398,19,-871,-404,13,-876,-401,12,-877,-398,16,-875,-397,8,-874,-403,11,-879,-401,13,-878,-393,16
2024-07-23 11:27:11.417969,-877,-402,15,-878,-398,13,-877,-399,9,-875,-397,12,-874,-397,11,-875,-393,16,-875,-401,12,-953,-396,47,30,200,954,-127,-557,868,-1018,-83,217,-877,-397,15,-878,-398,19,-871,-404,13,-876,-401,12,-877,-398,16,-875,-397,8,-874,-403,11,-879,-401,13,-878,-393,16
2024-07-23 11:27:12.947904,-877,-402,15,-878,-398,13,-877,-399,9,-875,-397,12,-874,-397,11,-875,-393,16,-875,-401,12,-953,-396,47,30,200,954,-127,-557,868,-1018,-83,217,1046,274,122,-878,-398,19,-871,-404,13,-876,-401,12,-877,-398,16,-875,-397,8,-874,-403,11,-879,-401,13,-878,-393,16
2024-07-23 11:27:14.492882,-877,-402,15,-878,-398,13,-877,-399,9,-875,-397,12,-874,-397,11,-875,-393,16,-875,-401,12,-953,-396,47,30,200,954,-127,-557,868,-1018,-83,217,1046,274,122,747,-687,180,-871,-404,13,-876,-401,12,-877,-398,16,-875,-397,8,-874,-403,11,-879,-401,13,-878,-393,16
2024-07-23 11:27:16.037656,-877,-402,15,-878,-398,13,-877,-399,9,-875,-397,12,-874,-397,11,-875,-393,16,-875,-401,12,-953,-396,47,30,200,954,-127,-557,868,-1018,-83,217,1046,274,122,747,-687,180,343,-570,787,-876,-401,12,-877,-398,16,-875,-397,8,-874,-403,11,-879,-401,13,-878,-393,16
2024-07-23 11:27:17.567568,-877,-402,15,-878,-398,13,-877,-399,9,-875,-397,12,-874,-397,11,-875,-393,16,-875,-401,12,-953,-396,47,30,200,954,-127,-557,868,-1018,-83,217,1046,274,122,747,-687,180,343,-570,787,-763,413,394,-877,-398,16,-875,-397,8,-874,-403,11,-879,-401,13,-878,-393,16
2024-07-23 11:27:19.097564,-877,-402,15,-878,-398,13,-877,-399,9,-875,-397,12,-874,-397,11,-875,-393,16,-875,-401,12,-953,-396,47,30,200,954,-127,-557,868,-1018,-83,217,1046,274,122,747,-687,180,343,-570,787,-763,413,394,378,382,818,-875,-397,8,-874,-403,11,-879,-401,13,-878,-393,16
2024-07-23 11:27:20.641424,-877,-402,15,-878,-398,13,-877,-399,9,-875,-397,12,-874,-397,11,-875,-393,16,-875,-401,12,-953,-396,47,30,200,954,-127,-557,868,-1018,-83,217,1046,274,122,747,-687,180,343,-570,787,-763,413,394,378,382,818,-338,693,613,-874,-403,11,-879,-401,13,-878,-393,16
2024-07-23 11:27:22.169923,-877,-402,15,-878,-398,13,-877,-399,9,-875,-397,12,-874,-397,11,-875,-393,16,-875,-401,12,-953,-396,47,30,200,954,-127,-557,868,-1018,-83,217,1046,274,122,747,-687,180,343,-570,787,-763,413,394,378,382,818,-338,693,613,-447,591,778,-879,-401,13,-878,-393,16
2024-07-23 11:27:23.673182,-877,-402,15,-878,-398,13,-877,-399,9,-875,-397,12,-874,-397,11,-875,-393,16,-875,-401,12,-953,-396,47,30,200,954,-127,-557,868,-1018,-83,217,1046,274,122,747,-687,180,343,-570,787,-763,413,394,378,382,818,-338,693,613,-447,591,778,-33,610,635,-878,-393,16
2024-07-23 11:27:25.203573,-877,-402,15,-878,-398,13,-877,-399,9,-875,-397,12,-874,-397,11,-875,-393,16,-875,-401,12,-953,-396,47,30,200,954,-127,-557,868,-1018,-83,217,1046,274,122,747,-687,180,343,-570,787,-763,413,394,378,382,818,-338,693,613,-447,591,778,-33,610,635,62,571,537
2024-07-23 11:27:26.748697,197,105,856,-878,-398,13,-877,-399,9,-875,-397,12,-874,-397,11,-875,-393,16,-875,-401,12,-953,-396,47,30,200,954,-127,-557,868,-1018,-83,217,1046,274,122,747,-687,180,343,-570,787,-763,413,394,378,382,818,-338,693,613,-447,591,778,-33,610,635,62,571,537
2024-07-23 11:27:28.263650,197,105,856,-143,196,689,-877,-399,9,-875,-397,12,-874,-397,11,-875,-393,16,-875,-401,12,-953,-396,47,30,200,954,-127,-557,868,-1018,-83,217,1046,274,122,747,-687,180,343,-570,787,-763,413,394,378,382,818,-338,693,613,-447,591,778,-33,610,635,62,571,537
2024-07-23 11:27:29.808469,197,105,856,-143,196,689,-385,76,362,-875,-397,12,-874,-397,11,-875,-393,16,-875,-401,12,-953,-396,47,30,200,954,-127,-557,868,-1018,-83,217,1046,274,122,747,-687,180,343,-570,787,-763,413,394,378,382,818,-338,693,613,-447,591,778,-33,610,635,62,571,537
2024-07-23 11:27:31.337544,197,105,856,-143,196,689,-385,76,362,-1252,-82,118,-874,-397,11,-875,-393,16,-875,-401,12,-953,-396,47,30,200,954,-127,-557,868,-1018,-83,217,1046,274,122,747,-687,180,343,-570,787,-763,413,394,378,382,818,-338,693,613,-447,591,778,-33,610,635,62,571,537
2024-07-23 11:27:32.851442,197,105,856,-143,196,689,-385,76,362,-1252,-82,118,-452,31,520,-875,-393,16,-875,-401,12,-953,-396,47,30,200,954,-127,-557,868,-1018,-83,217,1046,274,122,747,-687,180,343,-570,787,-763,413,394,378,382,818,-338,693,613,-447,591,778,-33,610,635,62,571,537
2024-07-23 11:27:34.381829,197,105,856,-143,196,689,-385,76,362,-1252,-82,118,-452,31,520,-176,353,806,-875,-401,12,-953,-396,47,30,200,954,-127,-557,868,-1018,-83,217,1046,274,122,747,-687,180,343,-570,787,-763,413,394,378,382,818,-338,693,613,-447,591,778,-33,610,635,62,571,537
2024-07-23 11:27:35.910880,197,105,856,-143,196,689,-385,76,362,-1252,-82,118,-452,31,520,-176,353,806,130,-1260,465,-953,-396,47,30,200,954,-127,-557,868,-1018,-83,217,1046,274,122,747,-687,180,343,-570,787,-763,413,394,378,382,818,-338,693,613,-447,591,778,-33,610,635,62,571,537
2024-07-23 11:27:37.425487,197,105,856,-143,196,689,-385,76,362,-1252,-82,118,-452,31,520,-176,353,806,130,-1260,465,-929,36,116,30,200,954,-127,-557,868,-1018,-83,217,1046,274,122,747,-687,180,343,-570,787,-763,413,394,378,382,818,-338,693,613,-447,591,778,-33,610,635,62,571,537
2024-07-23 11:27:38.970811,197,105,856,-143,196,689,-385,76,362,-1252,-82,118,-452,31,520,-176,353,806,130,-1260,465,-929,36,116,-930,544,99,-127,-557,868,-1018,-83,217,1046,274,122,747,-687,180,343,-570,787,-763,413,394,378,382,818,-338,693,613,-447,591,778,-33,610,635,62,571,537
2024-07-23 11:27:40.485932,197,105,856,-143,196,689,-385,76,362,-1252,-82,118,-452,31,520,-176,353,806,130,-1260,465,-929,36,116,-930,544,99,-1111,-801,62,-1018,-83,217,1046,274,122,747,-687,180,343,-570,787,-763,413,394,378,382,818,-338,693,613,-447,591,778,-33,610,635,62,571,537
2024-07-23 11:27:42.030470,197,105,856,-143,196,689,-385,76,362,-1252,-82,118,-452,31,520,-176,353,806,130,-1260,465,-929,36,116,-930,544,99,-1111,-801,62,-814,137,224,1046,274,122,747,-687,180,343,-570,787,-763,413,394,378,382,818,-338,693,613,-447,591,778,-33,610,635,62,571,537
2024-07-23 11:27:43.544611,197,105,856,-143,196,689,-385,76,362,-1252,-82,118,-452,31,520,-176,353,806,130,-1260,465,-929,36,116,-930,544,99,-1111,-801,62,-814,137,224,-948,-126,20,747,-687,180,343,-570,787,-763,413,394,378,382,818,-338,693,613,-447,591,778,-33,610,635,62,571,537
2024-07-23 11:27:45.059308,197,105,856,-143,196,689,-385,76,362,-1252,-82,118,-452,31,520,-176,353,806,130,-1260,465,-929,36,116,-930,544,99,-1111,-801,62,-814,137,224,-948,-126,20,-951,-133,16,343,-570,787,-763,413,394,378,382,818,-338,693,613,-447,591,778,-33,610,635,62,571,537
2024-07-23 11:27:46.589103,197,105,856,-143,196,689,-385,76,362,-1252,-82,118,-452,31,520,-176,353,806,130,-1260,465,-929,36,116,-930,544,99,-1111,-801,62,-814,137,224,-948,-126,20,-951,-133,16,-951,-131,17,-763,413,394,378,382,818,-338,693,613,-447,591,778,-33,610,635,62,571,537
2024-07-23 11:27:48.103974,197,105,856,-143,196,689,-385,76,362,-1252,-82,118,-452,31,520,-176,353,806,130,-1260,465,-929,36,116,-930,544,99,-1111,-801,62,-814,137,224,-948,-126,20,-951,-133,16,-951,-131,17,-944,-135,15,378,382,818,-338,693,613,-447,591,778,-33,610,635,62,571,537
2024-07-23 11:27:49.650213,197,105,856,-143,196,689,-385,76,362,-1252,-82,118,-452,31,520,-176,353,806,130,-1260,465,-929,36,116,-930,544,99,-1111,-801,62,-814,137,224,-948,-126,20,-951,-133,16,-951,-131,17,-944,-135,15,-949,-131,18,-338,693,613,-447,591,778,-33,610,635,62,571,537
